{
  "train_g_losses": [
    14.300339660524477,
    13.488965359379417,
    12.42438177833587,
    11.798624305064804,
    11.05377559901972,
    10.875555429376082,
    10.747538837459873,
    10.66869450891046,
    10.68044885174671,
    10.600101591751015
  ],
  "train_d_losses": [
    2.581760297695733,
    1.9402969068284113,
    1.6199408749911282,
    1.3744907925487222,
    1.2125522681899563,
    1.0664606726047656,
    0.9461938172789843,
    0.8718731584837829,
    0.813594018306252,
    0.7943017849014277
  ],
  "train_aux_losses": [
    1.7000178830254087,
    1.7810603673771364,
    1.8046978486981755,
    1.8822402466384565,
    1.9563410778293264,
    2.0151264925438244,
    2.0379066929678387,
    2.086586811052918,
    2.0809026192155624,
    2.130879621351919
  ],
  "val_g_losses": [
    19.876970609029133,
    14.436926285425821
  ],
  "val_d_losses": [
    2.3929637425985093,
    0.9037021429110796
  ],
  "val_aux_losses": [
    1.763482961899195,
    2.07897809224251
  ],
  "inception_scores": [
    1.824649904421343,
    3.395824171044172
  ],
  "fid_scores": [
    Infinity,
    Infinity
  ],
  "diversity_scores": [
    76.32546997070312,
    75.56600189208984
  ]
}